Macroplot,MonStatusOrd,MonStatus,SubSev,VegSev,Sub1Pct,Sub2Pct,Sub3Pct,Sub4Pct,Sub5Pct,Veg1Pct,Veg2Pct,Veg3Pct,Veg4Pct,Veg5Pct
"BME_RAP001",2,"01POST",4.16666666666667,4,0,0,33.3333333333333,16.6666666666667,50,0,0,50,0,50
"BME_RAP002",2,"01POST",3,3,0,25,50,25,0,0,25,50,25,0
"BME_RAP003",2,"01POST",3.5,4,0,16.6666666666667,50,0,33.3333333333333,0,0,25,50,25
"BME_RAP004",2,"01POST",2.91666666666667,2.9,16.6666666666667,16.6666666666667,25,41.6666666666667,0,0,50,10,40,0
"BME_RAP006",2,"01POST",3.16666666666667,3.36363636363636,0,25,33.3333333333333,41.6666666666667,0,0,9.09090909090909,45.4545454545455,45.4545454545455,0
"BME_RAP009",2,"01POST",4,3.58333333333333,8.33333333333333,8.33333333333333,0,41.6666666666667,41.6666666666667,8.33333333333333,8.33333333333333,33.3333333333333,16.6666666666667,33.3333333333333
"BME_RAP010",2,"01POST",3.16666666666667,3,16.6666666666667,16.6666666666667,25,16.6666666666667,25,16.6666666666667,33.3333333333333,8.33333333333333,16.6666666666667,25
