Macroplot,MonStatusOrd,MonStatus,SubSev,VegSev,Sub1Pct,Sub2Pct,Sub3Pct,Sub4Pct,Sub5Pct,Veg1Pct,Veg2Pct,Veg3Pct,Veg4Pct,Veg5Pct
"BME_RAP013",2,"01POST",2.89473684210526,2.875,0,31.5789473684211,47.3684210526316,21.0526315789474,0,0,37.5,37.5,25,0
"BME_RAP014",2,"01POST",4.05555555555556,4.05555555555556,0,0,0,94.4444444444444,5.55555555555556,0,0,0,94.4444444444444,5.55555555555556
"BME_RAP015",2,"01POST",4.22222222222222,5,0,0,11.1111111111111,55.5555555555556,33.3333333333333,0,0,0,0,100
"BME_RAP016",2,"01POST",4,4,0,0,0,100,0,0,0,0,100,0
"FPIPS1T02:08",2,"01POST",4.88235294117647,4.88235294117647,0,0,0,11.7647058823529,88.2352941176471,0,0,0,11.7647058823529,88.2352941176471
"FPIPS1T02:16",2,"01POST",4.65,5,0,0,5,25,70,0,0,0,0,100
